,sal,popul,w_years,smoke,sex,age,kids,harm,ill,popul_sq,w_years_sq,popul_ln,educ_ВЫСШЕЕ,educ_ПТУ,educ_ШКОЛА,educ_без образования,marriage_не_состоит,marriage_сожительство,marriage_состоит,school_ИНЫЕ_ВИДЫ,school_ОБЫЧНАЯ_ШКОЛА,school_УГЛУБ,school_без образования,satisf_ДА,satisf_И_ДА_И_НЕТ,satisf_НЕТ,occup_ВЫСШАЯ_КВАЛИФИКАЦИЯ,occup_ГОС_СЛУЖАЩИЙ,occup_КВАЛ_РАБОЧИЕ,occup_НЕКВАЛ_РАБОЧИЕ,occup_ОФИСНЫЕ_РАБОЧИЕ,occup_ТОРГОВЛЯ,occup_без_квалификации
0,47000.0,11900.0,30.0,1.0,0,49.0,2.0,1.0,0.0,141610000.0,900.0,9.38429367909962,1,0,0,0,1,0,0,0,1,0,0,0,1,0,1,0,0,0,0,0,0
1,30000.0,11900.0,12.0,1.0,1,36.0,2.0,0.0,0.0,141610000.0,144.0,9.38429367909962,0,0,1,0,0,0,1,0,1,0,0,1,0,0,0,1,0,0,0,0,0
2,0.0,11900.0,40.0,0.0,0,78.0,0.0,0.0,0.0,141610000.0,1600.0,9.38429367909962,0,1,0,0,1,0,0,1,0,0,0,0,1,0,0,0,0,0,0,0,1
3,0.0,11900.0,46.0,0.0,0,76.0,3.0,0.0,0.0,141610000.0,2116.0,9.38429367909962,0,1,0,0,1,0,0,0,1,0,0,0,1,0,0,0,0,0,0,0,1
4,0.0,11900.0,35.0,0.0,1,54.0,7.0,0.0,0.0,141610000.0,1225.0,9.38429367909962,0,1,0,0,0,0,1,0,1,0,0,0,1,0,0,0,0,0,0,0,1
6,16000.0,11900.0,9.0,0.0,1,27.0,0.0,0.0,0.0,141610000.0,81.0,9.38429367909962,0,0,1,0,1,0,0,1,0,0,0,1,0,0,0,1,0,0,0,0,0
7,16000.0,11900.0,42.0,0.0,0,68.0,2.0,0.0,0.0,141610000.0,1764.0,9.38429367909962,0,0,1,0,1,0,0,0,1,0,0,1,0,0,0,0,0,1,0,0,0
8,27500.0,11900.0,39.0,0.0,1,65.0,3.0,0.0,0.0,141610000.0,1521.0,9.38429367909962,0,0,1,0,0,0,1,0,1,0,0,1,0,0,0,0,0,0,0,1,0
10,60000.0,11900.0,14.0,1.0,0,37.0,1.0,0.0,0.0,141610000.0,196.0,9.38429367909962,0,1,0,0,1,0,0,1,0,0,0,0,1,0,0,1,0,0,0,0,0
11,60000.0,11900.0,12.0,1.0,1,32.0,0.0,0.0,0.0,141610000.0,144.0,9.38429367909962,0,1,0,0,0,0,1,0,1,0,0,0,1,0,0,1,0,0,0,0,0
12,12000.0,11900.0,37.0,0.0,0,54.0,2.0,1.0,0.0,141610000.0,1369.0,9.38429367909962,0,1,0,0,0,0,1,0,1,0,0,1,0,0,0,0,1,0,0,0,0
13,0.0,2800.0,42.0,0.0,0,64.0,3.0,0.0,0.0,7840000.0,1764.0,7.937374696163295,0,1,0,0,0,0,1,0,1,0,0,0,1,0,0,0,0,0,0,0,1
14,0.0,2800.0,46.0,0.0,1,68.0,3.0,0.0,0.0,7840000.0,2116.0,7.937374696163295,0,0,1,0,0,0,1,0,1,0,0,0,1,0,0,0,0,0,0,0,1
16,20000.0,2800.0,22.0,1.0,0,43.0,2.0,0.0,0.0,7840000.0,484.0,7.937374696163295,0,1,0,0,0,0,1,0,1,0,0,0,0,1,0,0,0,0,1,0,0
17,0.0,2800.0,29.0,0.0,0,69.0,2.0,0.0,0.0,7840000.0,841.0,7.937374696163295,0,1,0,0,1,0,0,0,1,0,0,0,1,0,0,0,0,0,0,0,1
18,0.0,2800.0,44.0,0.0,0,68.0,2.0,0.0,0.0,7840000.0,1936.0,7.937374696163295,0,1,0,0,0,0,1,0,1,0,0,0,1,0,0,0,0,0,0,0,1
19,0.0,2800.0,28.0,0.0,0,69.0,3.0,0.0,0.0,7840000.0,784.0,7.937374696163295,0,1,0,0,1,0,0,0,1,0,0,0,1,0,0,0,0,0,0,0,1
20,49000.0,2800.0,19.0,1.0,0,41.0,2.0,1.0,90.0,7840000.0,361.0,7.937374696163295,0,1,0,0,0,0,1,0,1,0,0,1,0,0,0,0,0,0,0,1,0
21,105000.0,2800.0,24.0,0.0,0,46.0,1.0,1.0,0.0,7840000.0,576.0,7.937374696163295,1,0,0,0,1,0,0,0,1,0,0,1,0,0,1,0,0,0,0,0,0
22,20000.0,2200.0,42.0,0.0,0,59.0,3.0,0.0,20.0,4840000.0,1764.0,7.696212639346407,0,0,1,0,0,0,1,0,1,0,0,1,0,0,0,0,0,0,1,0,0
23,50000.0,2200.0,30.0,1.0,1,53.0,1.0,0.0,14.0,4840000.0,900.0,7.696212639346407,0,1,0,0,0,0,1,0,1,0,0,1,0,0,0,0,0,0,0,1,0
24,0.0,2200.0,10.0,1.0,1,41.0,0.0,0.0,0.0,4840000.0,100.0,7.696212639346407,0,0,1,0,1,0,0,0,1,0,0,0,1,0,0,0,0,0,0,0,1
25,37000.0,2200.0,22.0,1.0,0,38.0,2.0,0.0,20.0,4840000.0,484.0,7.696212639346407,0,1,0,0,0,0,1,0,1,0,0,1,0,0,0,0,0,1,0,0,0
26,0.0,2200.0,21.0,0.0,0,58.0,0.0,0.0,0.0,4840000.0,441.0,7.696212639346407,0,1,0,0,0,0,1,0,1,0,0,0,1,0,0,0,0,0,0,0,1
27,50000.0,2200.0,42.0,0.0,1,60.0,0.0,0.0,0.0,4840000.0,1764.0,7.696212639346407,0,1,0,0,0,0,1,0,1,0,0,1,0,0,0,0,1,0,0,0,0
28,70000.0,2200.0,29.0,1.0,1,53.0,1.0,0.0,10.0,4840000.0,841.0,7.696212639346407,0,1,0,0,0,1,0,0,1,0,0,1,0,0,0,0,1,0,0,0,0
29,24000.0,1700.0,17.0,0.0,0,45.0,1.0,0.0,35.0,2890000.0,289.0,7.438383530044307,1,0,0,0,1,0,0,0,1,0,0,0,1,0,0,1,0,0,0,0,0
30,0.0,1700.0,21.0,0.0,0,67.0,0.0,0.0,0.0,2890000.0,441.0,7.438383530044307,0,1,0,0,1,0,0,0,1,0,0,0,1,0,0,0,0,0,0,0,1
31,25000.0,1700.0,20.0,1.0,0,45.0,1.0,0.0,0.0,2890000.0,400.0,7.438383530044307,0,1,0,0,1,0,0,0,1,0,0,1,0,0,0,0,0,1,0,0,0
32,0.0,700.0,35.0,0.0,0,67.0,2.0,0.0,0.0,490000.0,1225.0,6.551080335043404,1,0,0,0,1,0,0,0,1,0,0,0,1,0,0,0,0,0,0,0,1
33,0.0,700.0,41.0,0.0,1,83.0,2.0,0.0,0.0,490000.0,1681.0,6.551080335043404,0,0,1,0,1,0,0,1,0,0,0,0,1,0,0,0,0,0,0,0,1
35,0.0,700.0,30.0,0.0,0,73.0,2.0,0.0,0.0,490000.0,900.0,6.551080335043404,0,0,1,0,0,0,1,1,0,0,0,0,1,0,0,0,0,0,0,0,1
36,0.0,700.0,41.0,0.0,1,76.0,2.0,0.0,0.0,490000.0,1681.0,6.551080335043404,0,0,1,0,0,0,1,1,0,0,0,0,1,0,0,0,0,0,0,0,1
37,35000.0,700.0,25.0,0.0,0,49.0,2.0,0.0,0.0,490000.0,625.0,6.551080335043404,1,0,0,0,0,0,1,0,1,0,0,0,1,0,0,1,0,0,0,0,0
38,20000.0,700.0,30.0,1.0,1,52.0,2.0,0.0,0.0,490000.0,900.0,6.551080335043404,0,0,1,0,0,0,1,0,1,0,0,0,0,1,0,0,0,0,0,1,0
39,80000.0,700.0,30.0,1.0,1,50.0,1.0,0.0,0.0,490000.0,900.0,6.551080335043404,0,0,1,0,0,0,1,0,1,0,0,1,0,0,0,0,1,0,0,0,0
40,0.0,1099300.0,47.0,0.0,0,85.0,1.0,0.0,0.0,1208460490000.0,2209.0,13.910184171566955,1,0,0,0,1,0,0,0,1,0,0,0,1,0,0,0,0,0,0,0,1
41,40000.0,1099300.0,16.0,0.0,0,35.0,1.0,0.0,15.0,1208460490000.0,256.0,13.910184171566955,1,0,0,0,0,0,1,0,1,0,0,1,0,0,0,1,0,0,0,0,0
42,12000.0,1099300.0,41.0,1.0,0,62.0,1.0,0.0,0.0,1208460490000.0,1681.0,13.910184171566955,0,1,0,0,0,1,0,1,0,0,0,1,0,0,0,0,0,0,0,1,0
43,0.0,1099300.0,46.0,0.0,1,82.0,2.0,0.0,0.0,1208460490000.0,2116.0,13.910184171566955,1,0,0,0,0,0,1,0,1,0,0,0,1,0,0,0,0,0,0,0,1
44,0.0,1099300.0,30.0,0.0,0,82.0,2.0,0.0,0.0,1208460490000.0,900.0,13.910184171566955,1,0,0,0,0,0,1,0,1,0,0,0,1,0,0,0,0,0,0,0,1
45,50000.0,1099300.0,22.0,0.0,0,57.0,2.0,0.0,10.0,1208460490000.0,484.0,13.910184171566955,0,0,1,0,1,0,0,0,1,0,0,1,0,0,0,0,0,0,0,1,0
46,30000.0,1099300.0,11.0,1.0,1,40.0,0.0,0.0,20.0,1208460490000.0,121.0,13.910184171566955,1,0,0,0,1,0,0,0,1,0,0,1,0,0,1,0,0,0,0,0,0
47,30000.0,1099300.0,0.0,0.0,1,36.0,0.0,0.0,10.0,1208460490000.0,0.0,13.910184171566955,0,0,1,0,1,0,0,0,1,0,0,1,0,0,0,1,0,0,0,0,0
48,130000.0,1099300.0,34.0,0.0,1,51.0,1.0,0.0,0.0,1208460490000.0,1156.0,13.910184171566955,1,0,0,0,0,0,1,0,1,0,0,1,0,0,0,1,0,0,0,0,0
49,70000.0,1099300.0,34.0,0.0,0,49.0,1.0,0.0,0.0,1208460490000.0,1156.0,13.910184171566955,1,0,0,0,0,0,1,0,1,0,0,1,0,0,1,0,0,0,0,0,0
50,0.0,1099300.0,25.0,0.0,0,69.0,3.0,0.0,0.0,1208460490000.0,625.0,13.910184171566955,0,1,0,0,1,0,0,0,1,0,0,0,1,0,0,0,0,0,0,0,1
51,60000.0,1099300.0,20.0,1.0,1,37.0,0.0,0.0,0.0,1208460490000.0,400.0,13.910184171566955,0,1,0,0,1,0,0,0,1,0,0,1,0,0,0,0,1,0,0,0,0
52,100000.0,1099300.0,17.0,1.0,1,35.0,0.0,0.0,0.0,1208460490000.0,289.0,13.910184171566955,1,0,0,0,1,0,0,0,1,0,0,1,0,0,1,0,0,0,0,0,0
53,60000.0,1099300.0,8.0,1.0,1,33.0,1.0,0.0,0.0,1208460490000.0,64.0,13.910184171566955,1,0,0,0,0,0,1,1,0,0,0,1,0,0,0,0,1,0,0,0,0
54,15000.0,1099300.0,27.0,0.0,1,54.0,2.0,0.0,0.0,1208460490000.0,729.0,13.910184171566955,1,0,0,0,0,0,1,0,1,0,0,1,0,0,0,0,0,0,0,1,0
55,0.0,1099300.0,40.0,0.0,0,92.0,3.0,0.0,0.0,1208460490000.0,1600.0,13.910184171566955,0,0,1,0,1,0,0,0,1,0,0,0,1,0,0,0,0,0,0,0,1
56,0.0,1099300.0,10.0,0.0,0,94.0,2.0,0.0,0.0,1208460490000.0,100.0,13.910184171566955,0,1,0,0,1,0,0,0,1,0,0,0,1,0,0,0,0,0,0,0,1
57,0.0,1099300.0,40.0,1.0,0,72.0,1.0,0.0,0.0,1208460490000.0,1600.0,13.910184171566955,0,0,1,0,1,0,0,0,1,0,0,0,1,0,0,0,0,0,0,0,1
58,28000.0,1099300.0,14.0,0.0,0,46.0,2.0,0.0,0.0,1208460490000.0,196.0,13.910184171566955,1,0,0,0,0,0,1,0,1,0,0,1,0,0,0,1,0,0,0,0,0
59,0.0,1099300.0,42.0,0.0,0,78.0,2.0,0.0,0.0,1208460490000.0,1764.0,13.910184171566955,1,0,0,0,1,0,0,0,1,0,0,0,1,0,0,0,0,0,0,0,1
60,25000.0,1099300.0,24.0,0.0,0,49.0,1.0,0.0,17.0,1208460490000.0,576.0,13.910184171566955,1,0,0,0,1,0,0,0,1,0,0,1,0,0,0,1,0,0,0,0,0
61,0.0,1099300.0,46.0,0.0,0,71.0,2.0,0.0,0.0,1208460490000.0,2116.0,13.910184171566955,1,0,0,0,0,0,1,0,1,0,0,0,1,0,0,0,0,0,0,0,1
62,0.0,1099300.0,44.0,0.0,1,74.0,2.0,0.0,0.0,1208460490000.0,1936.0,13.910184171566955,0,1,0,0,0,0,1,0,1,0,0,0,1,0,0,0,0,0,0,0,1
65,0.0,1099300.0,44.0,0.0,0,84.0,1.0,0.0,0.0,1208460490000.0,1936.0,13.910184171566955,1,0,0,0,1,0,0,0,1,0,0,0,1,0,0,0,0,0,0,0,1
67,0.0,1099300.0,42.0,0.0,0,66.0,1.0,0.0,0.0,1208460490000.0,1764.0,13.910184171566955,0,0,1,0,0,0,1,0,1,0,0,0,1,0,0,0,0,0,0,0,1
68,40000.0,1099300.0,25.0,0.0,1,39.0,1.0,0.0,0.0,1208460490000.0,625.0,13.910184171566955,1,0,0,0,0,0,1,0,1,0,0,1,0,0,0,0,1,0,0,0,0
69,20000.0,1099300.0,36.0,0.0,0,59.0,3.0,0.0,15.0,1208460490000.0,1296.0,13.910184171566955,0,1,0,0,1,0,0,0,1,0,0,1,0,0,0,0,1,0,0,0,0
70,0.0,1099300.0,46.0,0.0,0,84.0,2.0,0.0,0.0,1208460490000.0,2116.0,13.910184171566955,0,0,1,0,1,0,0,0,1,0,0,0,1,0,0,0,0,0,0,0,1
71,0.0,1099300.0,29.0,0.0,0,66.0,3.0,0.0,0.0,1208460490000.0,841.0,13.910184171566955,0,1,0,0,0,0,1,0,1,0,0,0,1,0,0,0,0,0,0,0,1
72,0.0,1099300.0,40.0,0.0,1,71.0,3.0,0.0,0.0,1208460490000.0,1600.0,13.910184171566955,1,0,0,0,0,0,1,0,1,0,0,0,1,0,0,0,0,0,0,0,1
74,0.0,1099300.0,51.0,0.0,0,84.0,0.0,0.0,0.0,1208460490000.0,2601.0,13.910184171566955,1,0,0,0,1,0,0,0,1,0,0,0,1,0,0,0,0,0,0,0,1
75,0.0,1099300.0,11.0,0.0,0,32.0,4.0,0.0,0.0,1208460490000.0,121.0,13.910184171566955,1,0,0,0,0,0,1,0,1,0,0,0,1,0,0,0,0,0,0,0,1
77,0.0,1099300.0,45.0,0.0,0,75.0,1.0,0.0,0.0,1208460490000.0,2025.0,13.910184171566955,1,0,0,0,1,0,0,0,1,0,0,0,1,0,0,0,0,0,0,0,1
80,0.0,1099300.0,34.0,0.0,0,59.0,2.0,0.0,0.0,1208460490000.0,1156.0,13.910184171566955,0,0,1,0,0,0,1,0,1,0,0,0,1,0,0,0,0,0,0,0,1
82,40000.0,87800.0,21.0,0.0,0,39.0,2.0,0.0,20.0,7708840000.0,441.0,11.382816779623209,1,0,0,0,0,0,1,0,1,0,0,1,0,0,1,0,0,0,0,0,0
83,0.0,87800.0,40.0,0.0,0,81.0,2.0,0.0,0.0,7708840000.0,1600.0,11.382816779623209,0,0,1,0,1,0,0,0,1,0,0,0,1,0,0,0,0,0,0,0,1
84,20000.0,87800.0,46.0,0.0,0,65.0,2.0,0.0,0.0,7708840000.0,2116.0,11.382816779623209,0,0,1,0,0,1,0,0,1,0,0,1,0,0,0,1,0,0,0,0,0
85,27000.0,87800.0,19.0,0.0,0,42.0,2.0,0.0,0.0,7708840000.0,361.0,11.382816779623209,0,0,1,0,0,1,0,0,1,0,0,0,1,0,0,0,0,0,0,1,0
86,30000.0,87800.0,4.0,0.0,0,29.0,0.0,0.0,0.0,7708840000.0,16.0,11.382816779623209,1,0,0,0,0,0,1,0,1,0,0,1,0,0,1,0,0,0,0,0,0
87,0.0,87800.0,42.0,0.0,0,64.0,1.0,0.0,0.0,7708840000.0,1764.0,11.382816779623209,0,1,0,0,1,0,0,0,1,0,0,0,1,0,0,0,0,0,0,0,1
88,0.0,87800.0,43.0,0.0,0,69.0,1.0,0.0,0.0,7708840000.0,1849.0,11.382816779623209,0,0,1,0,0,0,1,0,1,0,0,0,1,0,0,0,0,0,0,0,1
89,0.0,87800.0,49.0,0.0,1,73.0,1.0,0.0,0.0,7708840000.0,2401.0,11.382816779623209,0,1,0,0,0,0,1,0,1,0,0,0,1,0,0,0,0,0,0,0,1
90,0.0,87800.0,15.0,0.0,0,43.0,4.0,0.0,0.0,7708840000.0,225.0,11.382816779623209,0,1,0,0,0,1,0,0,1,0,0,0,1,0,0,0,0,0,0,0,1
91,20000.0,87800.0,29.0,1.0,1,58.0,1.0,0.0,0.0,7708840000.0,841.0,11.382816779623209,0,1,0,0,0,0,1,0,1,0,0,1,0,0,0,0,1,0,0,0,0
92,15000.0,87800.0,41.0,0.0,0,60.0,1.0,0.0,5.0,7708840000.0,1681.0,11.382816779623209,0,1,0,0,0,0,1,0,1,0,0,1,0,0,0,0,0,0,0,1,0
93,18000.0,87800.0,40.0,1.0,0,62.0,1.0,0.0,15.0,7708840000.0,1600.0,11.382816779623209,0,1,0,0,1,0,0,0,1,0,0,0,0,1,0,0,1,0,0,0,0
94,32000.0,87800.0,47.0,0.0,0,68.0,1.0,0.0,12.0,7708840000.0,2209.0,11.382816779623209,1,0,0,0,1,0,0,0,1,0,0,1,0,0,1,0,0,0,0,0,0
95,0.0,87800.0,32.0,0.0,0,84.0,2.0,0.0,0.0,7708840000.0,1024.0,11.382816779623209,0,1,0,0,1,0,0,0,1,0,0,0,1,0,0,0,0,0,0,0,1
96,8900.0,87800.0,38.0,0.0,0,59.0,1.0,0.0,0.0,7708840000.0,1444.0,11.382816779623209,0,1,0,0,1,0,0,0,1,0,0,1,0,0,0,0,1,0,0,0,0
97,0.0,87800.0,43.0,0.0,0,65.0,3.0,0.0,0.0,7708840000.0,1849.0,11.382816779623209,0,0,1,0,1,0,0,0,1,0,0,0,1,0,0,0,0,0,0,0,1
98,30000.0,87800.0,23.0,0.0,0,44.0,2.0,0.0,0.0,7708840000.0,529.0,11.382816779623209,1,0,0,0,1,0,0,0,1,0,0,1,0,0,0,1,0,0,0,0,0
99,0.0,87800.0,34.0,0.0,0,70.0,4.0,0.0,0.0,7708840000.0,1156.0,11.382816779623209,0,0,1,0,1,0,0,0,1,0,0,0,1,0,0,0,0,0,0,0,1
100,0.0,87800.0,31.0,0.0,0,49.0,1.0,0.0,0.0,7708840000.0,961.0,11.382816779623209,0,0,1,0,0,1,0,0,1,0,0,0,1,0,0,0,0,0,0,0,1
101,25000.0,87800.0,17.0,0.0,0,41.0,1.0,0.0,10.0,7708840000.0,289.0,11.382816779623209,1,0,0,0,1,0,0,0,1,0,0,0,1,0,1,0,0,0,0,0,0
102,0.0,87800.0,44.0,0.0,0,70.0,0.0,0.0,0.0,7708840000.0,1936.0,11.382816779623209,0,1,0,0,1,0,0,0,1,0,0,0,1,0,0,0,0,0,0,0,1
103,0.0,87800.0,37.0,0.0,0,65.0,2.0,0.0,0.0,7708840000.0,1369.0,11.382816779623209,1,0,0,0,0,0,1,0,1,0,0,0,1,0,0,0,0,0,0,0,1
104,0.0,87800.0,39.0,0.0,1,66.0,2.0,0.0,0.0,7708840000.0,1521.0,11.382816779623209,0,0,1,0,0,0,1,0,1,0,0,0,1,0,0,0,0,0,0,0,1
105,25000.0,87800.0,33.0,0.0,0,67.0,2.0,0.0,0.0,7708840000.0,1089.0,11.382816779623209,0,1,0,0,0,0,1,0,1,0,0,1,0,0,0,1,0,0,0,0,0
107,23000.0,87800.0,9.0,0.0,0,33.0,1.0,0.0,10.0,7708840000.0,81.0,11.382816779623209,1,0,0,0,0,0,1,0,1,0,0,1,0,0,1,0,0,0,0,0,0
108,60000.0,87800.0,50.0,0.0,0,75.0,1.0,0.0,0.0,7708840000.0,2500.0,11.382816779623209,1,0,0,0,1,0,0,0,1,0,0,1,0,0,1,0,0,0,0,0,0
110,0.0,87800.0,36.0,1.0,0,71.0,1.0,0.0,0.0,7708840000.0,1296.0,11.382816779623209,0,1,0,0,0,1,0,0,1,0,0,0,1,0,0,0,0,0,0,0,1
112,0.0,87800.0,41.0,0.0,0,75.0,2.0,0.0,0.0,7708840000.0,1681.0,11.382816779623209,0,0,1,0,0,0,1,0,1,0,0,0,1,0,0,0,0,0,0,0,1
113,15900.0,87800.0,34.0,0.0,0,53.0,0.0,0.0,12.0,7708840000.0,1156.0,11.382816779623209,0,1,0,0,1,0,0,0,1,0,0,0,1,0,0,0,0,1,0,0,0
114,30000.0,87800.0,24.0,0.0,0,46.0,1.0,1.0,0.0,7708840000.0,576.0,11.382816779623209,1,0,0,0,1,0,0,0,1,0,0,1,0,0,1,0,0,0,0,0,0
115,0.0,87800.0,32.0,0.0,0,73.0,1.0,0.0,0.0,7708840000.0,1024.0,11.382816779623209,1,0,0,0,1,0,0,0,1,0,0,0,1,0,0,0,0,0,0,0,1
120,0.0,87800.0,20.0,1.0,1,58.0,0.0,0.0,0.0,7708840000.0,400.0,11.382816779623209,0,0,1,0,1,0,0,0,1,0,0,0,1,0,0,0,0,0,0,0,1
121,0.0,87800.0,38.0,0.0,0,65.0,3.0,0.0,0.0,7708840000.0,1444.0,11.382816779623209,0,0,1,0,0,0,1,0,1,0,0,0,1,0,0,0,0,0,0,0,1
122,0.0,87800.0,37.0,1.0,1,68.0,3.0,0.0,0.0,7708840000.0,1369.0,11.382816779623209,0,0,1,0,0,0,1,0,1,0,0,0,1,0,0,0,0,0,0,0,1
123,33300.0,87800.0,15.0,0.0,0,36.0,1.0,0.0,0.0,7708840000.0,225.0,11.382816779623209,0,1,0,0,1,0,0,0,1,0,0,1,0,0,0,1,0,0,0,0,0
124,30000.0,87800.0,23.0,0.0,0,43.0,2.0,0.0,0.0,7708840000.0,529.0,11.382816779623209,1,0,0,0,1,0,0,0,1,0,0,1,0,0,0,0,0,0,0,1,0
125,0.0,87800.0,25.0,0.0,0,76.0,1.0,0.0,0.0,7708840000.0,625.0,11.382816779623209,0,0,1,0,1,0,0,0,1,0,0,0,1,0,0,0,0,0,0,0,1
126,20000.0,87800.0,29.0,0.0,0,52.0,1.0,1.0,0.0,7708840000.0,841.0,11.382816779623209,1,0,0,0,1,0,0,0,1,0,0,1,0,0,1,0,0,0,0,0,0
127,0.0,300.0,33.0,0.0,0,85.0,3.0,0.0,0.0,90000.0,1089.0,5.703782474656201,0,1,0,0,1,0,0,0,1,0,0,0,1,0,0,0,0,0,0,0,1
128,0.0,300.0,36.0,0.0,0,71.0,2.0,0.0,0.0,90000.0,1296.0,5.703782474656201,0,1,0,0,0,0,1,0,1,0,0,0,1,0,0,0,0,0,0,0,1
129,0.0,300.0,43.0,0.0,1,73.0,2.0,0.0,0.0,90000.0,1849.0,5.703782474656201,0,0,1,0,0,0,1,0,1,0,0,0,1,0,0,0,0,0,0,0,1
131,16000.0,300.0,42.0,0.0,1,63.0,1.0,0.0,0.0,90000.0,1764.0,5.703782474656201,0,1,0,0,0,0,1,0,1,0,0,0,1,0,0,0,1,0,0,0,0
136,41000.0,300.0,20.0,1.0,1,42.0,5.0,1.0,14.0,90000.0,400.0,5.703782474656201,0,1,0,0,0,0,1,0,1,0,0,1,0,0,0,0,1,0,0,0,0
138,11000.0,300.0,43.0,0.0,1,64.0,2.0,0.0,28.0,90000.0,1849.0,5.703782474656201,0,1,0,0,0,0,1,0,1,0,0,0,1,0,0,0,0,0,1,0,0
139,14000.0,300.0,23.0,0.0,0,41.0,2.0,0.0,0.0,90000.0,529.0,5.703782474656201,0,1,0,0,0,0,1,0,1,0,0,0,0,1,0,0,1,0,0,0,0
140,20000.0,300.0,14.0,0.0,0,39.0,2.0,0.0,5.0,90000.0,196.0,5.703782474656201,0,1,0,0,0,0,1,0,1,0,0,0,1,0,0,0,1,0,0,0,0
141,0.0,89500.0,32.0,0.0,0,65.0,2.0,0.0,0.0,8010250000.0,1024.0,11.401993904262946,0,0,1,0,0,0,1,0,1,0,0,0,1,0,0,0,0,0,0,0,1
142,0.0,89500.0,32.0,1.0,1,67.0,3.0,0.0,0.0,8010250000.0,1024.0,11.401993904262946,0,1,0,0,0,0,1,0,1,0,0,0,1,0,0,0,0,0,0,0,1
143,0.0,89500.0,3.0,0.0,0,44.0,1.0,0.0,0.0,8010250000.0,9.0,11.401993904262946,0,1,0,0,1,0,0,0,1,0,0,0,1,0,0,0,0,0,0,0,1
144,20000.0,89500.0,31.0,0.0,0,53.0,1.0,0.0,0.0,8010250000.0,961.0,11.401993904262946,0,1,0,0,0,1,0,0,1,0,0,1,0,0,0,0,0,0,0,1,0
145,35300.0,89500.0,45.0,1.0,1,60.0,3.0,1.0,0.0,8010250000.0,2025.0,11.401993904262946,0,1,0,0,0,0,1,0,1,0,0,1,0,0,0,0,1,0,0,0,0
146,0.0,89500.0,35.0,0.0,0,66.0,2.0,0.0,0.0,8010250000.0,1225.0,11.401993904262946,0,0,1,0,0,0,1,0,1,0,0,0,1,0,0,0,0,0,0,0,1
147,50000.0,89500.0,52.0,0.0,1,69.0,2.0,1.0,0.0,8010250000.0,2704.0,11.401993904262946,0,0,1,0,0,0,1,0,1,0,0,1,0,0,0,0,1,0,0,0,0
148,0.0,89500.0,20.0,0.0,0,44.0,2.0,0.0,0.0,8010250000.0,400.0,11.401993904262946,0,1,0,0,0,0,1,0,1,0,0,0,1,0,0,0,0,0,0,0,1
149,50000.0,89500.0,17.0,0.0,0,38.0,1.0,1.0,0.0,8010250000.0,289.0,11.401993904262946,0,1,0,0,1,0,0,0,1,0,0,0,1,0,0,0,1,0,0,0,0
150,0.0,89500.0,40.0,0.0,0,67.0,2.0,0.0,0.0,8010250000.0,1600.0,11.401993904262946,0,1,0,0,0,0,1,1,0,0,0,0,1,0,0,0,0,0,0,0,1
151,0.0,89500.0,40.0,1.0,1,67.0,2.0,0.0,0.0,8010250000.0,1600.0,11.401993904262946,0,1,0,0,0,0,1,0,1,0,0,0,1,0,0,0,0,0,0,0,1
152,0.0,89500.0,18.0,0.0,0,52.0,1.0,0.0,0.0,8010250000.0,324.0,11.401993904262946,1,0,0,0,1,0,0,0,1,0,0,0,1,0,0,0,0,0,0,0,1
153,19000.0,89500.0,35.0,0.0,0,56.0,1.0,0.0,0.0,8010250000.0,1225.0,11.401993904262946,0,1,0,0,0,0,1,0,1,0,0,1,0,0,0,0,0,1,0,0,0
154,0.0,89500.0,49.0,0.0,0,71.0,1.0,0.0,0.0,8010250000.0,2401.0,11.401993904262946,0,1,0,0,1,0,0,0,1,0,0,0,1,0,0,0,0,0,0,0,1
155,0.0,89500.0,35.0,0.0,0,77.0,2.0,0.0,0.0,8010250000.0,1225.0,11.401993904262946,0,0,1,0,1,0,0,0,1,0,0,0,1,0,0,0,0,0,0,0,1
156,30000.0,89500.0,26.0,0.0,0,47.0,2.0,1.0,0.0,8010250000.0,676.0,11.401993904262946,0,1,0,0,0,0,1,0,1,0,0,1,0,0,0,1,0,0,0,0,0
157,0.0,89500.0,31.0,0.0,1,74.0,1.0,0.0,0.0,8010250000.0,961.0,11.401993904262946,0,1,0,0,1,0,0,0,1,0,0,0,1,0,0,0,0,0,0,0,1
158,50300.0,89500.0,32.0,0.0,0,54.0,2.0,0.0,0.0,8010250000.0,1024.0,11.401993904262946,1,0,0,0,0,1,0,0,1,0,0,1,0,0,1,0,0,0,0,0,0
159,0.0,89500.0,55.0,0.0,0,80.0,2.0,0.0,0.0,8010250000.0,3025.0,11.401993904262946,1,0,0,0,1,0,0,0,1,0,0,0,1,0,0,0,0,0,0,0,1
160,52800.0,89500.0,37.0,0.0,1,54.0,2.0,1.0,0.0,8010250000.0,1369.0,11.401993904262946,0,0,1,0,0,0,1,0,1,0,0,1,0,0,0,0,1,0,0,0,0
161,36000.0,89500.0,35.0,0.0,0,54.0,2.0,1.0,0.0,8010250000.0,1225.0,11.401993904262946,0,1,0,0,0,0,1,0,1,0,0,1,0,0,0,0,1,0,0,0,0
162,35000.0,89500.0,13.0,0.0,0,32.0,2.0,1.0,0.0,8010250000.0,169.0,11.401993904262946,0,1,0,0,0,0,1,0,1,0,0,1,0,0,0,1,0,0,0,0,0
163,45000.0,89500.0,8.0,1.0,1,28.0,2.0,1.0,0.0,8010250000.0,64.0,11.401993904262946,0,1,0,0,0,0,1,0,1,0,0,1,0,0,0,0,1,0,0,0,0
164,0.0,89500.0,37.0,0.0,0,81.0,2.0,0.0,0.0,8010250000.0,1369.0,11.401993904262946,0,0,1,0,1,0,0,1,0,0,0,0,1,0,0,0,0,0,0,0,1
165,0.0,89500.0,35.0,1.0,1,56.0,1.0,0.0,0.0,8010250000.0,1225.0,11.401993904262946,0,1,0,0,0,1,0,0,1,0,0,0,1,0,0,0,0,0,0,0,1
166,0.0,89500.0,50.0,0.0,0,73.0,3.0,0.0,0.0,8010250000.0,2500.0,11.401993904262946,0,1,0,0,1,0,0,0,1,0,0,0,1,0,0,0,0,0,0,0,1
167,45000.0,89500.0,30.0,1.0,1,48.0,1.0,1.0,0.0,8010250000.0,900.0,11.401993904262946,0,1,0,0,0,0,1,0,1,0,0,1,0,0,0,0,1,0,0,0,0
168,19000.0,89500.0,5.0,1.0,1,44.0,1.0,0.0,0.0,8010250000.0,25.0,11.401993904262946,0,1,0,0,0,1,0,0,1,0,0,1,0,0,0,0,1,0,0,0,0
169,0.0,89500.0,43.0,0.0,0,75.0,2.0,0.0,0.0,8010250000.0,1849.0,11.401993904262946,0,1,0,0,0,0,1,0,1,0,0,0,1,0,0,0,0,0,0,0,1
170,0.0,89500.0,46.0,0.0,1,75.0,2.0,0.0,0.0,8010250000.0,2116.0,11.401993904262946,0,1,0,0,0,0,1,0,1,0,0,0,1,0,0,0,0,0,0,0,1
171,0.0,89500.0,30.0,0.0,0,62.0,2.0,0.0,0.0,8010250000.0,900.0,11.401993904262946,0,1,0,0,0,0,1,0,1,0,0,0,1,0,0,0,0,0,0,0,1
172,50000.0,89500.0,36.0,0.0,1,62.0,2.0,0.0,0.0,8010250000.0,1296.0,11.401993904262946,1,0,0,0,0,0,1,0,1,0,0,1,0,0,1,0,0,0,0,0,0
173,0.0,89500.0,34.0,1.0,1,68.0,2.0,0.0,0.0,8010250000.0,1156.0,11.401993904262946,0,0,1,0,0,0,1,0,1,0,0,0,1,0,0,0,0,0,0,0,1
174,0.0,89500.0,35.0,0.0,0,63.0,2.0,0.0,0.0,8010250000.0,1225.0,11.401993904262946,0,1,0,0,0,0,1,0,1,0,0,0,1,0,0,0,0,0,0,0,1
175,45000.0,89500.0,19.0,0.0,0,42.0,2.0,1.0,0.0,8010250000.0,361.0,11.401993904262946,0,1,0,0,0,1,0,0,1,0,0,1,0,0,0,0,0,1,0,0,0
176,0.0,1600.0,35.0,0.0,0,70.0,2.0,0.0,0.0,2560000.0,1225.0,7.3777589082278725,1,0,0,0,1,0,0,0,1,0,0,0,1,0,0,0,0,0,0,0,1
177,16000.0,1600.0,21.0,0.0,0,41.0,3.0,0.0,0.0,2560000.0,441.0,7.3777589082278725,1,0,0,0,0,0,1,0,1,0,0,1,0,0,1,0,0,0,0,0,0
178,16000.0,1600.0,16.0,0.0,0,39.0,3.0,0.0,0.0,2560000.0,256.0,7.3777589082278725,1,0,0,0,0,0,1,0,1,0,0,1,0,0,1,0,0,0,0,0,0
179,20000.0,1600.0,33.0,1.0,1,61.0,2.0,0.0,0.0,2560000.0,1089.0,7.3777589082278725,0,1,0,0,0,0,1,0,1,0,0,1,0,0,0,0,1,0,0,0,0
180,0.0,1600.0,31.0,0.0,0,60.0,2.0,0.0,0.0,2560000.0,961.0,7.3777589082278725,0,0,1,0,0,0,1,0,1,0,0,0,1,0,0,0,0,0,0,0,1
181,40000.0,1600.0,17.0,1.0,1,38.0,1.0,1.0,0.0,2560000.0,289.0,7.3777589082278725,0,1,0,0,1,0,0,0,1,0,0,1,0,0,0,0,1,0,0,0,0
182,40000.0,1600.0,19.0,0.0,0,37.0,1.0,1.0,0.0,2560000.0,361.0,7.3777589082278725,0,1,0,0,0,1,0,0,1,0,0,1,0,0,0,1,0,0,0,0,0
183,0.0,1600.0,39.0,1.0,0,62.0,7.0,0.0,0.0,2560000.0,1521.0,7.3777589082278725,0,0,1,0,1,0,0,1,0,0,0,0,1,0,0,0,0,0,0,0,1
184,40000.0,1600.0,17.0,1.0,0,38.0,3.0,1.0,0.0,2560000.0,289.0,7.3777589082278725,0,1,0,0,0,0,1,0,1,0,0,1,0,0,0,0,1,0,0,0,0
185,20000.0,1600.0,9.0,1.0,0,34.0,0.0,0.0,0.0,2560000.0,81.0,7.3777589082278725,0,1,0,0,1,0,0,0,1,0,0,1,0,0,0,0,0,0,0,1,0
186,25000.0,1600.0,8.0,0.0,0,34.0,2.0,1.0,0.0,2560000.0,64.0,7.3777589082278725,0,1,0,0,0,0,1,0,1,0,0,1,0,0,0,0,1,0,0,0,0
187,30000.0,1600.0,9.0,0.0,0,29.0,2.0,0.0,0.0,2560000.0,81.0,7.3777589082278725,0,1,0,0,0,0,1,0,1,0,0,1,0,0,0,0,0,0,1,0,0
188,15000.0,1600.0,0.0,1.0,1,29.0,0.0,0.0,0.0,2560000.0,0.0,7.3777589082278725,0,1,0,0,1,0,0,0,1,0,0,1,0,0,0,0,1,0,0,0,0
189,25000.0,1600.0,39.0,0.0,0,61.0,2.0,1.0,0.0,2560000.0,1521.0,7.3777589082278725,1,0,0,0,1,0,0,0,1,0,0,1,0,0,1,0,0,0,0,0,0
190,30000.0,1600.0,13.0,0.0,0,35.0,2.0,0.0,0.0,2560000.0,169.0,7.3777589082278725,1,0,0,0,0,0,1,0,1,0,0,1,0,0,0,0,0,0,1,0,0
191,40000.0,1600.0,13.0,1.0,1,32.0,1.0,1.0,20.0,2560000.0,169.0,7.3777589082278725,0,1,0,0,0,1,0,0,1,0,0,0,1,0,0,0,1,0,0,0,0
192,0.0,1600.0,31.0,0.0,0,69.0,1.0,0.0,0.0,2560000.0,961.0,7.3777589082278725,0,1,0,0,1,0,0,0,1,0,0,0,1,0,0,0,0,0,0,0,1
193,35000.0,1600.0,18.0,1.0,1,39.0,1.0,0.0,0.0,2560000.0,324.0,7.3777589082278725,0,1,0,0,1,0,0,0,1,0,0,1,0,0,0,1,0,0,0,0,0
194,14000.0,4000.0,36.0,0.0,0,55.0,1.0,0.0,14.0,16000000.0,1296.0,8.294049640102028,0,1,0,0,0,0,1,0,1,0,0,1,0,0,0,1,0,0,0,0,0
196,0.0,4000.0,39.0,0.0,0,83.0,3.0,0.0,0.0,16000000.0,1521.0,8.294049640102028,0,0,1,0,0,0,1,1,0,0,0,0,1,0,0,0,0,0,0,0,1
199,0.0,30.0,33.0,0.0,0,73.0,2.0,0.0,0.0,900.0,1089.0,3.4011973816621555,0,1,0,0,0,0,1,0,1,0,0,0,1,0,0,0,0,0,0,0,1
200,0.0,30.0,37.0,0.0,1,80.0,2.0,0.0,0.0,900.0,1369.0,3.4011973816621555,0,1,0,0,0,0,1,0,1,0,0,0,1,0,0,0,0,0,0,0,1
201,0.0,100.0,35.0,0.0,0,69.0,2.0,0.0,0.0,10000.0,1225.0,4.605170185988092,0,0,1,0,0,0,1,0,1,0,0,0,1,0,0,0,0,0,0,0,1
202,0.0,100.0,40.0,0.0,1,67.0,2.0,0.0,0.0,10000.0,1600.0,4.605170185988092,0,1,0,0,0,0,1,0,1,0,0,0,1,0,0,0,0,0,0,0,1
205,40000.0,300.0,18.0,0.0,1,39.0,1.0,0.0,0.0,90000.0,324.0,5.703782474656201,1,0,0,0,0,0,1,0,1,0,0,1,0,0,0,1,0,0,0,0,0
206,0.0,300.0,39.0,0.0,0,61.0,1.0,0.0,0.0,90000.0,1521.0,5.703782474656201,0,1,0,0,0,0,1,0,1,0,0,0,1,0,0,0,0,0,0,0,1
207,0.0,300.0,49.0,0.0,1,65.0,1.0,0.0,14.0,90000.0,2401.0,5.703782474656201,0,0,1,0,0,0,1,1,0,0,0,0,1,0,0,0,0,0,0,0,1
208,0.0,30.0,38.0,0.0,0,81.0,1.0,0.0,0.0,900.0,1444.0,3.4011973816621555,0,0,1,0,1,0,0,0,1,0,0,0,1,0,0,0,0,0,0,0,1
209,0.0,30.0,40.0,0.0,0,91.0,3.0,0.0,0.0,900.0,1600.0,3.4011973816621555,0,0,1,0,1,0,0,1,0,0,0,0,1,0,0,0,0,0,0,0,1
210,0.0,23600.0,33.0,0.0,0,71.0,2.0,0.0,0.0,556960000.0,1089.0,10.069001991013701,0,1,0,0,1,0,0,0,1,0,0,0,1,0,0,0,0,0,0,0,1
211,0.0,23600.0,36.0,0.0,0,63.0,2.0,0.0,0.0,556960000.0,1296.0,10.069001991013701,0,1,0,0,1,0,0,0,1,0,0,0,1,0,0,0,0,0,0,0,1
212,32000.0,23600.0,40.0,0.0,0,62.0,2.0,0.0,0.0,556960000.0,1600.0,10.069001991013701,1,0,0,0,0,0,1,0,1,0,0,1,0,0,0,1,0,0,0,0,0
213,0.0,23600.0,45.0,0.0,1,65.0,2.0,0.0,0.0,556960000.0,2025.0,10.069001991013701,0,1,0,0,0,0,1,0,1,0,0,0,1,0,0,0,0,0,0,0,1
214,0.0,23600.0,33.0,0.0,0,55.0,1.0,0.0,0.0,556960000.0,1089.0,10.069001991013701,0,1,0,0,1,0,0,0,1,0,0,0,1,0,0,0,0,0,0,0,1
215,0.0,23600.0,26.0,0.0,0,61.0,2.0,0.0,0.0,556960000.0,676.0,10.069001991013701,0,1,0,0,0,0,1,1,0,0,0,0,1,0,0,0,0,0,0,0,1
216,0.0,23600.0,37.0,0.0,0,64.0,2.0,0.0,0.0,556960000.0,1369.0,10.069001991013701,0,1,0,0,1,0,0,1,0,0,0,0,1,0,0,0,0,0,0,0,1
217,18400.0,23600.0,10.0,1.0,0,41.0,2.0,0.0,0.0,556960000.0,100.0,10.069001991013701,0,1,0,0,0,0,1,0,1,0,0,0,0,1,0,0,0,0,0,1,0
218,15000.0,23600.0,38.0,0.0,0,58.0,1.0,0.0,0.0,556960000.0,1444.0,10.069001991013701,0,1,0,0,1,0,0,0,1,0,0,1,0,0,0,0,0,0,0,1,0
219,30000.0,23600.0,27.0,0.0,1,54.0,1.0,0.0,7.0,556960000.0,729.0,10.069001991013701,0,1,0,0,0,0,1,0,1,0,0,1,0,0,0,0,1,0,0,0,0
220,0.0,23600.0,28.0,0.0,0,53.0,1.0,0.0,40.0,556960000.0,784.0,10.069001991013701,1,0,0,0,0,0,1,0,1,0,0,1,0,0,1,0,0,0,0,0,0
221,0.0,23600.0,38.0,0.0,0,76.0,2.0,0.0,0.0,556960000.0,1444.0,10.069001991013701,0,0,1,0,1,0,0,0,1,0,0,0,1,0,0,0,0,0,0,0,1
222,0.0,23600.0,37.0,0.0,0,66.0,2.0,0.0,0.0,556960000.0,1369.0,10.069001991013701,0,1,0,0,0,0,1,1,0,0,0,0,1,0,0,0,0,0,0,0,1
223,0.0,23600.0,38.0,1.0,1,71.0,2.0,0.0,0.0,556960000.0,1444.0,10.069001991013701,0,0,1,0,0,0,1,1,0,0,0,0,1,0,0,0,0,0,0,0,1
224,13000.0,23600.0,16.0,0.0,0,38.0,1.0,0.0,0.0,556960000.0,256.0,10.069001991013701,0,1,0,0,0,0,1,0,1,0,0,1,0,0,0,0,0,0,0,1,0
225,0.0,23600.0,26.0,0.0,1,54.0,1.0,0.0,12.0,556960000.0,676.0,10.069001991013701,0,1,0,0,0,0,1,0,1,0,0,0,1,0,0,0,0,0,0,1,0
226,13000.0,23600.0,20.0,0.0,0,51.0,1.0,0.0,0.0,556960000.0,400.0,10.069001991013701,0,1,0,0,0,0,1,0,1,0,0,0,0,1,0,0,0,1,0,0,0
227,0.0,23600.0,4.0,0.0,0,32.0,1.0,0.0,0.0,556960000.0,16.0,10.069001991013701,0,0,1,0,1,0,0,0,1,0,0,0,1,0,0,0,0,0,0,0,1
228,0.0,23600.0,40.0,1.0,1,73.0,3.0,0.0,0.0,556960000.0,1600.0,10.069001991013701,0,1,0,0,0,0,1,0,1,0,0,0,1,0,0,0,0,0,0,0,1
229,0.0,23600.0,37.0,0.0,0,73.0,3.0,0.0,0.0,556960000.0,1369.0,10.069001991013701,0,1,0,0,0,0,1,0,1,0,0,0,1,0,0,0,0,0,0,0,1
230,0.0,23600.0,30.0,1.0,1,67.0,3.0,0.0,0.0,556960000.0,900.0,10.069001991013701,0,0,1,0,0,0,1,0,1,0,0,0,1,0,0,0,0,0,0,0,1
231,0.0,23600.0,23.0,0.0,0,66.0,3.0,0.0,0.0,556960000.0,529.0,10.069001991013701,0,1,0,0,0,0,1,0,1,0,0,0,1,0,0,0,0,0,0,0,1
232,7000.0,23600.0,18.0,0.0,0,43.0,1.0,0.0,0.0,556960000.0,324.0,10.069001991013701,0,1,0,0,0,0,1,0,1,0,0,1,0,0,0,0,0,0,0,1,0
233,40000.0,23600.0,11.0,0.0,1,32.0,1.0,1.0,0.0,556960000.0,121.0,10.069001991013701,1,0,0,0,0,0,1,0,1,0,0,0,1,0,0,0,0,0,0,1,0
234,27000.0,23600.0,7.0,0.0,1,32.0,1.0,1.0,12.0,556960000.0,49.0,10.069001991013701,1,0,0,0,1,0,0,0,1,0,0,1,0,0,1,0,0,0,0,0,0
235,21000.0,23600.0,30.0,0.0,0,50.0,1.0,1.0,10.0,556960000.0,900.0,10.069001991013701,0,1,0,0,0,1,0,0,1,0,0,1,0,0,0,1,0,0,0,0,0
236,15000.0,23600.0,5.0,0.0,0,31.0,0.0,0.0,0.0,556960000.0,25.0,10.069001991013701,1,0,0,0,0,0,1,0,1,0,0,0,1,0,0,1,0,0,0,0,0
237,13000.0,23600.0,26.0,0.0,0,50.0,4.0,0.0,0.0,556960000.0,676.0,10.069001991013701,0,1,0,0,0,0,1,0,1,0,0,1,0,0,0,0,0,1,0,0,0
238,40000.0,23600.0,10.0,0.0,1,51.0,3.0,0.0,0.0,556960000.0,100.0,10.069001991013701,0,1,0,0,0,0,1,0,1,0,0,1,0,0,0,0,1,0,0,0,0
239,0.0,23600.0,0.0,0.0,0,30.0,3.0,0.0,0.0,556960000.0,0.0,10.069001991013701,1,0,0,0,0,0,1,0,1,0,0,1,0,0,0,1,0,0,0,0,0
240,12700.0,23600.0,4.0,0.0,0,27.0,1.0,0.0,0.0,556960000.0,16.0,10.069001991013701,0,1,0,0,0,0,1,0,0,1,0,0,1,0,0,0,0,1,0,0,0
241,0.0,23600.0,40.0,0.0,0,84.0,1.0,0.0,0.0,556960000.0,1600.0,10.069001991013701,0,0,1,0,1,0,0,1,0,0,0,0,1,0,0,0,0,0,0,0,1
242,0.0,23600.0,27.0,0.0,0,75.0,2.0,0.0,0.0,556960000.0,729.0,10.069001991013701,1,0,0,0,0,0,1,0,1,0,0,0,1,0,0,0,0,0,0,0,1
243,0.0,23600.0,38.0,0.0,1,75.0,2.0,0.0,0.0,556960000.0,1444.0,10.069001991013701,1,0,0,0,0,0,1,0,1,0,0,0,1,0,0,0,0,0,0,0,1
244,13000.0,23600.0,28.0,0.0,0,52.0,2.0,0.0,28.0,556960000.0,784.0,10.069001991013701,0,0,1,0,0,0,1,0,1,0,0,1,0,0,0,0,0,1,0,0,0
245,90000.0,23600.0,41.0,0.0,1,56.0,2.0,0.0,0.0,556960000.0,1681.0,10.069001991013701,0,1,0,0,0,0,1,0,1,0,0,1,0,0,0,0,1,0,0,0,0
246,50000.0,23600.0,8.0,1.0,1,32.0,0.0,0.0,0.0,556960000.0,64.0,10.069001991013701,1,0,0,0,0,1,0,0,1,0,0,1,0,0,0,0,1,0,0,0,0
247,0.0,23600.0,36.0,0.0,0,83.0,2.0,0.0,0.0,556960000.0,1296.0,10.069001991013701,0,0,1,0,1,0,0,0,1,0,0,0,1,0,0,0,0,0,0,0,1
248,0.0,30.0,38.0,0.0,0,72.0,1.0,0.0,0.0,900.0,1444.0,3.4011973816621555,0,0,1,0,1,0,0,0,1,0,0,0,1,0,0,0,0,0,0,0,1
249,0.0,30.0,39.0,0.0,1,74.0,2.0,0.0,0.0,900.0,1521.0,3.4011973816621555,0,0,1,0,0,0,1,0,1,0,0,0,1,0,0,0,0,0,0,0,1
250,0.0,30.0,38.0,0.0,0,82.0,2.0,0.0,0.0,900.0,1444.0,3.4011973816621555,0,0,1,0,1,0,0,1,0,0,0,0,1,0,0,0,0,0,0,0,1
251,45000.0,500.0,26.0,0.0,0,50.0,1.0,0.0,0.0,250000.0,676.0,6.214608098422191,0,1,0,0,0,1,0,0,1,0,0,1,0,0,0,1,0,0,0,0,0
252,0.0,500.0,6.0,0.0,0,29.0,1.0,0.0,0.0,250000.0,36.0,6.214608098422191,0,1,0,0,1,0,0,0,1,0,0,0,1,0,0,0,0,0,0,0,1
253,0.0,30.0,7.0,0.0,0,55.0,3.0,0.0,0.0,900.0,49.0,3.4011973816621555,0,0,1,0,1,0,0,0,1,0,0,0,1,0,0,0,0,0,0,0,1
254,0.0,30.0,40.0,0.0,0,81.0,1.0,0.0,0.0,900.0,1600.0,3.4011973816621555,0,0,1,0,1,0,0,0,1,0,0,0,1,0,0,0,0,0,0,0,1
256,0.0,30.0,40.0,0.0,0,66.0,2.0,0.0,0.0,900.0,1600.0,3.4011973816621555,0,1,0,0,1,0,0,0,1,0,0,0,1,0,0,0,0,0,0,0,1
257,15000.0,6100.0,42.0,0.0,0,65.0,2.0,0.0,0.0,37210000.0,1764.0,8.716044050161402,0,1,0,0,1,0,0,0,1,0,0,1,0,0,0,1,0,0,0,0,0
258,0.0,6100.0,42.0,0.0,0,72.0,1.0,0.0,0.0,37210000.0,1764.0,8.716044050161402,0,1,0,0,0,0,1,0,1,0,0,0,1,0,0,0,0,0,0,0,1
259,0.0,6100.0,35.0,0.0,1,68.0,1.0,0.0,0.0,37210000.0,1225.0,8.716044050161402,1,0,0,0,0,0,1,0,1,0,0,0,1,0,0,0,0,0,0,0,1
260,0.0,6100.0,15.0,0.0,0,53.0,1.0,0.0,0.0,37210000.0,225.0,8.716044050161402,0,0,1,0,1,0,0,0,1,0,0,0,1,0,0,0,0,0,0,0,1
262,0.0,6100.0,38.0,0.0,0,83.0,2.0,0.0,0.0,37210000.0,1444.0,8.716044050161402,0,1,0,0,1,0,0,0,1,0,0,0,1,0,0,0,0,0,0,0,1
263,0.0,6100.0,40.0,0.0,0,82.0,2.0,0.0,0.0,37210000.0,1600.0,8.716044050161402,0,1,0,0,1,0,0,0,1,0,0,0,1,0,0,0,0,0,0,0,1
264,13000.0,6100.0,32.0,1.0,1,52.0,2.0,0.0,0.0,37210000.0,1024.0,8.716044050161402,0,1,0,0,0,0,1,0,1,0,0,0,1,0,0,0,0,0,0,1,0
265,0.0,6100.0,39.0,0.0,0,59.0,2.0,0.0,0.0,37210000.0,1521.0,8.716044050161402,0,1,0,0,0,0,1,0,1,0,0,0,1,0,0,0,0,0,0,0,1
267,0.0,6100.0,25.0,0.0,0,62.0,2.0,0.0,0.0,37210000.0,625.0,8.716044050161402,0,0,1,0,0,0,1,0,1,0,0,0,1,0,0,0,0,0,0,0,1
268,0.0,6100.0,30.0,0.0,1,65.0,2.0,0.0,0.0,37210000.0,900.0,8.716044050161402,0,1,0,0,0,0,1,0,1,0,0,0,1,0,0,0,0,0,0,0,1
269,0.0,6100.0,46.0,0.0,0,66.0,2.0,0.0,0.0,37210000.0,2116.0,8.716044050161402,0,1,0,0,1,0,0,0,1,0,0,0,1,0,0,0,0,0,0,0,1
270,20000.0,6100.0,17.0,0.0,0,42.0,2.0,0.0,0.0,37210000.0,289.0,8.716044050161402,1,0,0,0,0,0,1,0,1,0,0,0,0,1,0,1,0,0,0,0,0
271,0.0,6100.0,28.0,0.0,0,68.0,3.0,0.0,0.0,37210000.0,784.0,8.716044050161402,0,0,1,0,1,0,0,0,1,0,0,0,1,0,0,0,0,0,0,0,1
272,24000.0,6100.0,34.0,0.0,0,54.0,1.0,0.0,0.0,37210000.0,1156.0,8.716044050161402,0,1,0,0,1,0,0,0,1,0,0,1,0,0,1,0,0,0,0,0,0
273,0.0,6100.0,30.0,0.0,0,60.0,2.0,0.0,0.0,37210000.0,900.0,8.716044050161402,0,0,1,0,0,0,1,0,1,0,0,0,1,0,0,0,0,0,0,0,1
274,0.0,6100.0,39.0,0.0,1,64.0,2.0,0.0,0.0,37210000.0,1521.0,8.716044050161402,0,0,1,0,0,0,1,0,1,0,0,0,1,0,0,0,0,0,0,0,1
275,0.0,6100.0,36.0,0.0,0,70.0,3.0,0.0,0.0,37210000.0,1296.0,8.716044050161402,0,1,0,0,1,0,0,0,1,0,0,0,1,0,0,0,0,0,0,0,1
276,0.0,6100.0,6.0,1.0,1,34.0,1.0,0.0,0.0,37210000.0,36.0,8.716044050161402,0,1,0,0,1,0,0,0,1,0,0,0,1,0,0,0,0,0,0,0,1
277,29000.0,6100.0,32.0,0.0,0,55.0,0.0,1.0,0.0,37210000.0,1024.0,8.716044050161402,1,0,0,0,1,0,0,0,1,0,0,1,0,0,1,0,0,0,0,0,0
278,0.0,6100.0,40.0,0.0,0,64.0,2.0,0.0,0.0,37210000.0,1600.0,8.716044050161402,1,0,0,0,1,0,0,0,1,0,0,0,1,0,0,0,0,0,0,0,1
279,0.0,6100.0,39.0,0.0,0,74.0,2.0,0.0,0.0,37210000.0,1521.0,8.716044050161402,0,1,0,0,1,0,0,0,1,0,0,0,1,0,0,0,0,0,0,0,1
280,0.0,6100.0,30.0,0.0,0,59.0,0.0,0.0,0.0,37210000.0,900.0,8.716044050161402,0,1,0,0,1,0,0,0,1,0,0,0,1,0,0,0,0,0,0,0,1
281,0.0,6100.0,41.0,0.0,0,84.0,2.0,0.0,0.0,37210000.0,1681.0,8.716044050161402,0,1,0,0,1,0,0,0,1,0,0,0,1,0,0,0,0,0,0,0,1
282,20000.0,6100.0,31.0,0.0,0,58.0,2.0,0.0,0.0,37210000.0,961.0,8.716044050161402,1,0,0,0,0,0,1,0,1,0,0,1,0,0,1,0,0,0,0,0,0
283,15000.0,6100.0,31.0,1.0,1,58.0,2.0,0.0,0.0,37210000.0,961.0,8.716044050161402,0,1,0,0,0,0,1,0,1,0,0,1,0,0,0,0,1,0,0,0,0
284,0.0,6100.0,43.0,0.0,0,65.0,2.0,0.0,0.0,37210000.0,1849.0,8.716044050161402,0,1,0,0,0,0,1,0,1,0,0,0,1,0,0,0,0,0,0,0,1
285,0.0,6100.0,43.0,0.0,1,64.0,2.0,0.0,0.0,37210000.0,1849.0,8.716044050161402,0,0,1,0,0,0,1,0,1,0,0,0,1,0,0,0,0,0,0,0,1
287,0.0,1500.0,24.0,0.0,0,70.0,1.0,0.0,0.0,2250000.0,576.0,7.313220387090301,0,0,1,0,1,0,0,0,1,0,0,0,1,0,0,0,0,0,0,0,1
288,15000.0,1500.0,37.0,1.0,1,59.0,2.0,0.0,0.0,2250000.0,1369.0,7.313220387090301,0,1,0,0,0,1,0,0,1,0,0,1,0,0,0,0,1,0,0,0,0
290,0.0,1500.0,52.0,0.0,0,81.0,1.0,0.0,0.0,2250000.0,2704.0,7.313220387090301,0,0,1,0,1,0,0,0,1,0,0,0,1,0,0,0,0,0,0,0,1
291,40000.0,1500.0,37.0,0.0,1,59.0,2.0,0.0,10.0,2250000.0,1369.0,7.313220387090301,1,0,0,0,1,0,0,0,1,0,0,1,0,0,0,1,0,0,0,0,0
292,0.0,1500.0,33.0,0.0,0,58.0,2.0,0.0,0.0,2250000.0,1089.0,7.313220387090301,0,1,0,0,0,0,1,0,1,0,0,0,1,0,0,0,0,0,0,0,1
293,9000.0,1500.0,14.0,0.0,0,35.0,3.0,0.0,0.0,2250000.0,196.0,7.313220387090301,0,1,0,0,0,0,1,0,1,0,0,1,0,0,0,1,0,0,0,0,0
294,15000.0,1500.0,8.0,0.0,0,34.0,2.0,0.0,0.0,2250000.0,64.0,7.313220387090301,0,1,0,0,0,0,1,0,1,0,0,1,0,0,0,0,0,1,0,0,0
295,0.0,1500.0,44.0,0.0,0,60.0,2.0,0.0,0.0,2250000.0,1936.0,7.313220387090301,0,1,0,0,0,0,1,0,1,0,0,0,1,0,0,0,0,0,0,0,1
296,0.0,1500.0,34.0,0.0,1,63.0,2.0,0.0,0.0,2250000.0,1156.0,7.313220387090301,0,1,0,0,0,0,1,0,1,0,0,0,1,0,0,0,0,0,0,0,1
297,0.0,1500.0,17.0,0.0,0,40.0,2.0,0.0,0.0,2250000.0,289.0,7.313220387090301,0,1,0,0,0,1,0,0,1,0,0,0,1,0,0,0,0,0,0,0,1
298,13000.0,1500.0,5.0,0.0,0,40.0,2.0,0.0,0.0,2250000.0,25.0,7.313220387090301,0,1,0,0,0,0,1,0,1,0,0,1,0,0,0,0,0,0,0,1,0
299,0.0,900.0,12.0,0.0,0,37.0,4.0,0.0,0.0,810000.0,144.0,6.802394763324311,0,0,1,0,0,0,1,0,1,0,0,0,1,0,0,0,0,0,0,0,1
300,0.0,900.0,27.0,0.0,1,62.0,2.0,0.0,0.0,810000.0,729.0,6.802394763324311,0,0,1,0,0,0,1,0,1,0,0,0,1,0,0,0,0,0,0,0,1
301,0.0,900.0,36.0,0.0,0,57.0,2.0,0.0,0.0,810000.0,1296.0,6.802394763324311,0,1,0,0,0,0,1,0,1,0,0,0,1,0,0,0,0,0,0,0,1
302,0.0,900.0,12.0,1.0,1,36.0,0.0,0.0,0.0,810000.0,144.0,6.802394763324311,0,0,1,0,1,0,0,0,1,0,0,0,1,0,0,0,0,0,0,0,1
303,35000.0,900.0,30.0,0.0,0,51.0,2.0,0.0,0.0,810000.0,900.0,6.802394763324311,0,1,0,0,0,0,1,0,1,0,0,1,0,0,0,0,0,0,0,1,0
304,0.0,900.0,35.0,0.0,0,63.0,2.0,0.0,0.0,810000.0,1225.0,6.802394763324311,0,1,0,0,0,0,1,0,1,0,0,0,1,0,0,0,0,0,0,0,1
305,0.0,900.0,37.0,0.0,1,63.0,2.0,0.0,0.0,810000.0,1369.0,6.802394763324311,0,1,0,0,0,0,1,0,1,0,0,0,1,0,0,0,0,0,0,0,1
306,0.0,900.0,8.0,0.0,0,55.0,6.0,0.0,0.0,810000.0,64.0,6.802394763324311,0,0,1,0,1,0,0,0,1,0,0,0,1,0,0,0,0,0,0,0,1
310,43000.0,600.0,29.0,0.0,0,51.0,2.0,1.0,0.0,360000.0,841.0,6.396929655216146,1,0,0,0,0,0,1,0,1,0,0,1,0,0,1,0,0,0,0,0,0
311,50000.0,600.0,30.0,1.0,1,48.0,2.0,0.0,0.0,360000.0,900.0,6.396929655216146,0,0,1,0,0,0,1,0,1,0,0,1,0,0,0,0,1,0,0,0,0
312,13000.0,600.0,42.0,0.0,0,60.0,2.0,0.0,0.0,360000.0,1764.0,6.396929655216146,1,0,0,0,0,0,1,0,1,0,0,1,0,0,0,1,0,0,0,0,0
313,10000.0,600.0,44.0,0.0,1,61.0,2.0,0.0,0.0,360000.0,1936.0,6.396929655216146,0,0,1,0,0,0,1,0,1,0,0,0,1,0,0,0,0,0,0,1,0
315,0.0,600.0,38.0,0.0,0,66.0,2.0,0.0,0.0,360000.0,1444.0,6.396929655216146,1,0,0,0,0,0,1,0,1,0,0,0,1,0,0,0,0,0,0,0,1
316,45000.0,600.0,32.0,1.0,1,62.0,2.0,0.0,0.0,360000.0,1024.0,6.396929655216146,1,0,0,0,0,0,1,0,1,0,0,1,0,0,0,1,0,0,0,0,0
317,13400.0,600.0,32.0,0.0,0,58.0,2.0,1.0,30.0,360000.0,1024.0,6.396929655216146,0,1,0,0,1,0,0,0,1,0,0,0,1,0,0,0,0,0,0,1,0
318,0.0,30.0,37.0,0.0,0,67.0,2.0,0.0,0.0,900.0,1369.0,3.4011973816621555,0,0,1,0,1,0,0,0,1,0,0,0,1,0,0,0,0,0,0,0,1
319,0.0,30.0,42.0,0.0,0,72.0,1.0,0.0,0.0,900.0,1764.0,3.4011973816621555,0,0,1,0,1,0,0,0,1,0,0,0,1,0,0,0,0,0,0,0,1
320,10000.0,30.0,15.0,0.0,0,45.0,2.0,0.0,0.0,900.0,225.0,3.4011973816621555,0,0,1,0,0,0,1,0,1,0,0,1,0,0,0,0,0,0,0,1,0
321,0.0,1308700.0,40.0,0.0,0,66.0,1.0,0.0,0.0,1712695690000.0,1600.0,14.084544836043571,0,1,0,0,1,0,0,0,1,0,0,0,1,0,0,0,0,0,0,0,1
322,50000.0,1308700.0,14.0,0.0,0,40.0,1.0,0.0,0.0,1712695690000.0,196.0,14.084544836043571,1,0,0,0,0,0,1,0,0,1,0,1,0,0,0,1,0,0,0,0,0
324,40000.0,1308700.0,8.0,0.0,1,34.0,0.0,0.0,0.0,1712695690000.0,64.0,14.084544836043571,0,1,0,0,1,0,0,0,1,0,0,1,0,0,0,0,1,0,0,0,0
325,27000.0,1308700.0,6.0,0.0,0,28.0,0.0,0.0,12.0,1712695690000.0,36.0,14.084544836043571,1,0,0,0,1,0,0,0,1,0,0,1,0,0,0,1,0,0,0,0,0
326,24600.0,1308700.0,18.0,1.0,1,58.0,0.0,0.0,21.0,1712695690000.0,324.0,14.084544836043571,0,1,0,0,1,0,0,0,1,0,0,1,0,0,0,0,1,0,0,0,0
327,150000.0,1308700.0,27.0,1.0,1,44.0,2.0,0.0,0.0,1712695690000.0,729.0,14.084544836043571,0,1,0,0,0,0,1,0,1,0,0,0,0,1,0,0,1,0,0,0,0
328,80000.0,1308700.0,17.0,0.0,1,52.0,4.0,0.0,0.0,1712695690000.0,289.0,14.084544836043571,0,0,1,0,0,0,1,0,1,0,0,1,0,0,0,1,0,0,0,0,0
329,80000.0,1308700.0,32.0,0.0,0,48.0,3.0,1.0,0.0,1712695690000.0,1024.0,14.084544836043571,0,0,1,0,0,0,1,0,1,0,0,1,0,0,0,0,1,0,0,0,0
330,0.0,1308700.0,29.0,0.0,0,69.0,2.0,0.0,0.0,1712695690000.0,841.0,14.084544836043571,0,1,0,0,0,0,1,0,1,0,0,0,1,0,0,0,0,0,0,0,1
331,0.0,1308700.0,42.0,0.0,1,69.0,2.0,0.0,0.0,1712695690000.0,1764.0,14.084544836043571,1,0,0,0,0,0,1,0,1,0,0,0,1,0,0,0,0,0,0,0,1
332,80000.0,1308700.0,0.0,1.0,1,37.0,2.0,0.0,0.0,1712695690000.0,0.0,14.084544836043571,1,0,0,0,0,0,1,0,0,1,0,1,0,0,0,1,0,0,0,0,0
333,0.0,1308700.0,45.0,1.0,1,68.0,2.0,0.0,0.0,1712695690000.0,2025.0,14.084544836043571,1,0,0,0,0,0,1,0,1,0,0,0,1,0,0,0,0,0,0,0,1
334,0.0,1308700.0,33.0,0.0,0,64.0,2.0,0.0,0.0,1712695690000.0,1089.0,14.084544836043571,0,1,0,0,0,0,1,0,1,0,0,0,1,0,0,0,0,0,0,0,1
335,0.0,1308700.0,45.0,0.0,1,69.0,3.0,0.0,0.0,1712695690000.0,2025.0,14.084544836043571,0,1,0,0,0,0,1,0,1,0,0,0,1,0,0,0,0,0,0,0,1
336,0.0,1308700.0,40.0,0.0,0,70.0,3.0,0.0,0.0,1712695690000.0,1600.0,14.084544836043571,0,0,1,0,0,0,1,0,1,0,0,0,1,0,0,0,0,0,0,0,1
337,60000.0,1308700.0,10.0,1.0,0,35.0,1.0,0.0,0.0,1712695690000.0,100.0,14.084544836043571,0,1,0,0,0,0,1,0,1,0,0,1,0,0,0,0,0,0,0,1,0
338,0.0,1308700.0,36.0,0.0,0,58.0,2.0,0.0,0.0,1712695690000.0,1296.0,14.084544836043571,0,1,0,0,0,0,1,1,0,0,0,0,1,0,0,0,0,0,0,0,1
339,45000.0,1308700.0,41.0,1.0,1,59.0,2.0,0.0,10.0,1712695690000.0,1681.0,14.084544836043571,0,0,1,0,0,0,1,0,1,0,0,1,0,0,0,0,1,0,0,0,0
340,0.0,1308700.0,41.0,0.0,0,75.0,2.0,0.0,0.0,1712695690000.0,1681.0,14.084544836043571,0,1,0,0,1,0,0,0,1,0,0,0,1,0,0,0,0,0,0,0,1
341,33000.0,1308700.0,30.0,0.0,0,53.0,1.0,1.0,7.0,1712695690000.0,900.0,14.084544836043571,1,0,0,0,1,0,0,1,0,0,0,1,0,0,1,0,0,0,0,0,0
342,25000.0,1308700.0,10.0,0.0,0,45.0,2.0,0.0,0.0,1712695690000.0,100.0,14.084544836043571,1,0,0,0,0,0,1,0,1,0,0,0,1,0,1,0,0,0,0,0,0
343,30000.0,1308700.0,34.0,0.0,0,59.0,1.0,0.0,7.0,1712695690000.0,1156.0,14.084544836043571,1,0,0,0,1,0,0,0,1,0,0,1,0,0,0,1,0,0,0,0,0
344,30000.0,1308700.0,7.0,1.0,1,30.0,0.0,0.0,0.0,1712695690000.0,49.0,14.084544836043571,1,0,0,0,1,0,0,0,0,1,0,1,0,0,0,1,0,0,0,0,0
345,25000.0,1308700.0,40.0,0.0,0,63.0,2.0,0.0,0.0,1712695690000.0,1600.0,14.084544836043571,1,0,0,0,1,0,0,0,1,0,0,1,0,0,1,0,0,0,0,0,0
346,0.0,1308700.0,7.0,1.0,1,31.0,0.0,0.0,0.0,1712695690000.0,49.0,14.084544836043571,1,0,0,0,1,0,0,0,0,1,0,0,1,0,0,1,0,0,0,0,0
347,40000.0,1308700.0,14.0,1.0,1,38.0,1.0,0.0,0.0,1712695690000.0,196.0,14.084544836043571,1,0,0,0,0,0,1,0,1,0,0,1,0,0,0,0,1,0,0,0,0
348,0.0,1308700.0,49.0,0.0,0,84.0,0.0,0.0,0.0,1712695690000.0,2401.0,14.084544836043571,1,0,0,0,0,0,1,0,1,0,0,0,1,0,0,0,0,0,0,0,1
349,0.0,1308700.0,42.0,0.0,1,87.0,1.0,0.0,0.0,1712695690000.0,1764.0,14.084544836043571,1,0,0,0,0,0,1,0,1,0,0,0,1,0,0,0,0,0,0,0,1
351,37000.0,1308700.0,32.0,0.0,0,54.0,1.0,0.0,0.0,1712695690000.0,1024.0,14.084544836043571,1,0,0,0,1,0,0,0,1,0,0,1,0,0,1,0,0,0,0,0,0
352,30000.0,1308700.0,4.0,0.0,1,27.0,0.0,0.0,0.0,1712695690000.0,16.0,14.084544836043571,1,0,0,0,1,0,0,0,1,0,0,1,0,0,1,0,0,0,0,0,0
353,28000.0,1308700.0,20.0,0.0,0,50.0,1.0,0.0,0.0,1712695690000.0,400.0,14.084544836043571,1,0,0,0,0,0,1,0,1,0,0,1,0,0,1,0,0,0,0,0,0
354,35000.0,1308700.0,26.0,0.0,1,56.0,1.0,0.0,0.0,1712695690000.0,676.0,14.084544836043571,0,1,0,0,0,0,1,0,1,0,0,1,0,0,1,0,0,0,0,0,0
356,40000.0,1308700.0,8.0,0.0,1,30.0,0.0,0.0,0.0,1712695690000.0,64.0,14.084544836043571,1,0,0,0,1,0,0,0,1,0,0,1,0,0,1,0,0,0,0,0,0
357,0.0,1308700.0,17.0,0.0,0,58.0,1.0,0.0,0.0,1712695690000.0,289.0,14.084544836043571,0,1,0,0,1,0,0,0,1,0,0,0,1,0,0,0,0,0,0,0,1
